    "User ID","User Name","NBFC Name","Status Type","Created At"
HBNKJI0000001,"VASI RAJA .M",AKROBATs,Accepted,"2025-04-09 17:06:32"
HBNKJI0000001,"VASI RAJA .M",Akrobat,Accepted,"2025-03-26 15:05:27"
HBNKJI0000001,"VASI RAJA .M",JinoCapsule,Accepted,"2025-03-26 15:05:27"
HBNKJI0000001,"VASI RAJA .M",Subway,Accepted,"2025-03-26 15:05:27"
HBNKJI0000001,"VASI RAJA .M",Cromonia,Accepted,"2025-03-26 15:05:27"
HBNKJI0000001,"VASI RAJA .M",SBI,Accepted,"2025-03-26 15:05:27"
HBNKJI0000001,"VASI RAJA .M",PCS,Accepted,"2025-03-26 15:05:27"
HBNKJI0000001,"VASI RAJA .M",Jinal,Accepted,"2025-03-26 15:05:27"
HBNKJI0000001,"VASI RAJA .M",PCS,Accepted,"2025-03-26 15:05:27"
HBNKJI0000001,"VASI RAJA .M",Akshat,Accepted,"2025-04-29 12:21:10"
HBNKJI0000001,"VASI RAJA .M","Keerthi Pallamreddy",Accepted,"2025-05-26 11:28:25"
HBNKJI0000001,"VASI RAJA .M","Test 1",Accepted,"2025-05-26 11:28:25"
HBNKJI0000001,"VASI RAJA .M","Test 2",Accepted,"2025-05-26 11:28:25"
HBNKJI0000001,"VASI RAJA .M",ChandrikaB,Accepted,"2025-05-26 11:28:25"
HBNKJI0000001,"VASI RAJA .M","Akshat Bav",Accepted,"2025-05-26 11:28:25"
HBNKJI0000001,"VASI RAJA .M","ABC Finance Ltd",Accepted,"2025-05-26 11:28:25"
HBNKJI0000001,"VASI RAJA .M","XYZ Credit Corp",Accepted,"2025-05-26 11:28:25"
HBNKJI0000001,"VASI RAJA .M","PQR Microfinance",Accepted,"2025-05-26 11:28:25"
HBNKJI0000001,"VASI RAJA .M",Akshatssss,Accepted,"2025-05-26 11:28:25"
HBNKJI0000001,"VASI RAJA .M",Akshatssdfsdf,Accepted,"2025-05-26 11:28:25"
HBNKJI0000001,"VASI RAJA .M",PCS,Accepted,"2025-05-26 11:28:25"
HBNKJI0000001,"VASI RAJA .M",Akshatssdfsdf,Accepted,"2025-05-26 11:28:25"
HBNKJI0000001,"VASI RAJA .M",Chandrikaasdfasf,Accepted,"2025-05-26 11:28:25"
HBNKJI0000001,"VASI RAJA .M",Chandrikaasdfasf,Accepted,"2025-05-26 11:28:25"
HBNKJI0000001,"VASI RAJA .M",PCS,Accepted,"2025-05-26 11:28:25"
HBNKJI0000001,"VASI RAJA .M",Akshatssdfsdf,Accepted,"2025-05-26 11:28:25"
HBNKJI0000001,"VASI RAJA .M",Chandrikaasdfasf,Accepted,"2025-05-26 11:28:25"
HBNKJI0000001,"VASI RAJA .M",PCS,Accepted,"2025-05-26 11:28:25"
HBNKJI0000001,"VASI RAJA .M",Akshatssdfsdf,Accepted,"2025-05-26 11:28:25"
HBNKJI0000001,"VASI RAJA .M",Akshat,Accepted,"2025-05-26 11:28:25"
HBNKJI0000001,"VASI RAJA .M",Akshat,Pending,"2025-04-29 12:21:10"
HBNKJI0000001,"VASI RAJA .M",AKROBATs,Pending,"2025-05-26 11:28:25"
HBNKJI0000001,"VASI RAJA .M","Keerthi Pallamreddy",Pending,"2025-05-26 11:28:25"
HBNKJI0000001,"VASI RAJA .M","Test 1",Pending,"2025-05-26 11:28:25"
HBNKJI0000001,"VASI RAJA .M","Test 2",Pending,"2025-05-26 11:28:25"
HBNKJI0000001,"VASI RAJA .M",ChandrikaB,Pending,"2025-05-26 11:28:25"
HBNKJI0000001,"VASI RAJA .M","Akshat Bav",Pending,"2025-05-26 11:28:25"
HBNKJI0000001,"VASI RAJA .M","ABC Finance Ltd",Pending,"2025-05-26 11:28:25"
HBNKJI0000001,"VASI RAJA .M","XYZ Credit Corp",Pending,"2025-05-26 11:28:25"
HBNKJI0000001,"VASI RAJA .M","PQR Microfinance",Pending,"2025-05-26 11:28:25"
HBNKJI0000001,"VASI RAJA .M",Akshatssss,Pending,"2025-05-26 11:28:25"
HBNKJI0000001,"VASI RAJA .M",Akshatssdfsdf,Pending,"2025-05-26 11:28:25"
HBNKJI0000001,"VASI RAJA .M",PCS,Pending,"2025-05-26 11:28:25"
HBNKJI0000001,"VASI RAJA .M",Akshatssdfsdf,Pending,"2025-05-26 11:28:25"
HBNKJI0000001,"VASI RAJA .M",Chandrikaasdfasf,Pending,"2025-05-26 11:28:25"
HBNKJI0000001,"VASI RAJA .M",Chandrikaasdfasf,Pending,"2025-05-26 11:28:25"
HBNKJI0000001,"VASI RAJA .M",PCS,Pending,"2025-05-26 11:28:25"
HBNKJI0000001,"VASI RAJA .M",Akshatssdfsdf,Pending,"2025-05-26 11:28:25"
HBNKJI0000001,"VASI RAJA .M",Chandrikaasdfasf,Pending,"2025-05-26 11:28:25"
HBNKJI0000001,"VASI RAJA .M",PCS,Pending,"2025-05-26 11:28:25"
HBNKJI0000001,"VASI RAJA .M",Akshatssdfsdf,Pending,"2025-05-26 11:28:25"
HBNKJI0000001,"VASI RAJA .M",Akshat,Pending,"2025-05-26 11:28:25"
HBNKJI0000001,"VASI RAJA .M",AKROBATs,Rejected,"2025-03-06 15:30:06"
HBNKJI0000001,"VASI RAJA .M",AKROBATs,Rejected,"2025-03-20 11:42:50"
HBNKJI0000001,"VASI RAJA .M",AKROBATs,Rejected,"2025-03-20 11:52:58"
HBNKJI0000001,"VASI RAJA .M",AKROBATs,Rejected,"2025-03-20 12:05:12"
HBNKJI0000070,"ABINESH S",AKROBATs,Rejected,"2025-03-04 20:40:06"
HBNKJI0000070,"ABINESH S",AKROBATs,Rejected,"2025-03-20 11:52:36"
HBNKJI0000070,"ABINESH S",AKROBATs,Rejected,"2025-03-20 12:02:04"
HBNKJI0000094,"RadhaKrishnan S",AKROBATs,Rejected,"2025-03-20 11:31:42"
HBNKJI0000094,"RadhaKrishnan S",AKROBATs,Rejected,"2025-03-20 11:34:25"
HBNKJI0000094,"RadhaKrishnan S",AKROBATs,Rejected,"2025-03-20 11:39:29"
HBNKJI3898469,"Vignesh Vicky",Akrobat,Accepted,"2025-05-27 11:46:01"
HBNKJI3898469,"Vignesh Vicky",JinoCapsule,Accepted,"2025-05-27 11:46:01"
HBNKJI3898469,"Vignesh Vicky",Subway,Accepted,"2025-05-27 11:46:01"
HBNKJI3898469,"Vignesh Vicky",Cromonia,Accepted,"2025-05-27 11:46:01"
HBNKJI3898469,"Vignesh Vicky",SBI,Accepted,"2025-05-27 11:46:01"
HBNKJI3898469,"Vignesh Vicky",PCS,Accepted,"2025-05-27 11:46:01"
HBNKJI3898469,"Vignesh Vicky",Jinal,Accepted,"2025-05-27 11:46:01"
HBNKJI3898469,"Vignesh Vicky",PCS,Accepted,"2025-05-27 11:46:01"
HBNKJI3898469,"Vignesh Vicky",Akshat,Accepted,"2025-05-27 11:46:01"
HBNKJI3898469,"Vignesh Vicky","Keerthi Pallamreddy",Accepted,"2025-05-27 11:46:01"
HBNKJI3898469,"Vignesh Vicky","Test 1",Accepted,"2025-05-27 11:46:01"
HBNKJI3898469,"Vignesh Vicky","Test 2",Accepted,"2025-05-27 11:46:01"
HBNKJI3898469,"Vignesh Vicky",ChandrikaB,Accepted,"2025-05-27 11:46:01"
HBNKJI3898469,"Vignesh Vicky","Akshat Bav",Accepted,"2025-05-27 11:46:02"
HBNKJI3898469,"Vignesh Vicky","ABC Finance Ltd",Accepted,"2025-05-27 11:46:02"
HBNKJI3898469,"Vignesh Vicky","XYZ Credit Corp",Accepted,"2025-05-27 11:46:02"
HBNKJI3898469,"Vignesh Vicky","PQR Microfinance",Accepted,"2025-05-27 11:46:02"
HBNKJI3898469,"Vignesh Vicky",Akshatssss,Accepted,"2025-05-27 11:46:02"
HBNKJI3898469,"Vignesh Vicky",Akshatssdfsdf,Accepted,"2025-05-27 11:46:02"
HBNKJI3898469,"Vignesh Vicky",PCS,Accepted,"2025-05-27 11:46:02"
HBNKJI3898469,"Vignesh Vicky",Akshatssdfsdf,Accepted,"2025-05-27 11:46:02"
HBNKJI3898469,"Vignesh Vicky",Chandrikaasdfasf,Accepted,"2025-05-27 11:46:02"
HBNKJI3898469,"Vignesh Vicky",Chandrikaasdfasf,Accepted,"2025-05-27 11:46:02"
HBNKJI3898469,"Vignesh Vicky",PCS,Accepted,"2025-05-27 11:46:02"
HBNKJI3898469,"Vignesh Vicky",Akshatssdfsdf,Accepted,"2025-05-27 11:46:02"
HBNKJI3898469,"Vignesh Vicky",Chandrikaasdfasf,Accepted,"2025-05-27 11:46:02"
HBNKJI3898469,"Vignesh Vicky",PCS,Accepted,"2025-05-27 11:46:02"
HBNKJI3898469,"Vignesh Vicky",Akshatssdfsdf,Accepted,"2025-05-27 11:46:02"
HBNKJI3898469,"Vignesh Vicky",Akshat,Accepted,"2025-05-27 11:46:02"
HBNKJI3898469,"Vignesh Vicky",AKROBATs,Pending,"2025-05-27 11:46:01"
HBNKJI3898469,"Vignesh Vicky",Akrobat,Pending,"2025-05-27 11:46:01"
HBNKJI3898469,"Vignesh Vicky",JinoCapsule,Pending,"2025-05-27 11:46:01"
HBNKJI3898469,"Vignesh Vicky",Subway,Pending,"2025-05-27 11:46:01"
HBNKJI3898469,"Vignesh Vicky",Cromonia,Pending,"2025-05-27 11:46:01"
HBNKJI3898469,"Vignesh Vicky",SBI,Pending,"2025-05-27 11:46:01"
HBNKJI3898469,"Vignesh Vicky",PCS,Pending,"2025-05-27 11:46:01"
HBNKJI3898469,"Vignesh Vicky",Jinal,Pending,"2025-05-27 11:46:01"
HBNKJI3898469,"Vignesh Vicky",PCS,Pending,"2025-05-27 11:46:01"
HBNKJI3898469,"Vignesh Vicky",Akshat,Pending,"2025-05-27 11:46:01"
HBNKJI3898469,"Vignesh Vicky","Keerthi Pallamreddy",Pending,"2025-05-27 11:46:01"
HBNKJI3898469,"Vignesh Vicky","Test 1",Pending,"2025-05-27 11:46:01"
HBNKJI3898469,"Vignesh Vicky","Test 2",Pending,"2025-05-27 11:46:01"
HBNKJI3898469,"Vignesh Vicky",ChandrikaB,Pending,"2025-05-27 11:46:01"
HBNKJI3898469,"Vignesh Vicky","Akshat Bav",Pending,"2025-05-27 11:46:02"
HBNKJI3898469,"Vignesh Vicky","ABC Finance Ltd",Pending,"2025-05-27 11:46:02"
HBNKJI3898469,"Vignesh Vicky","XYZ Credit Corp",Pending,"2025-05-27 11:46:02"
HBNKJI3898469,"Vignesh Vicky","PQR Microfinance",Pending,"2025-05-27 11:46:02"
HBNKJI3898469,"Vignesh Vicky",Akshatssss,Pending,"2025-05-27 11:46:02"
HBNKJI3898469,"Vignesh Vicky",Akshatssdfsdf,Pending,"2025-05-27 11:46:02"
HBNKJI3898469,"Vignesh Vicky",PCS,Pending,"2025-05-27 11:46:02"
HBNKJI3898469,"Vignesh Vicky",Akshatssdfsdf,Pending,"2025-05-27 11:46:02"
HBNKJI3898469,"Vignesh Vicky",Chandrikaasdfasf,Pending,"2025-05-27 11:46:02"
HBNKJI3898469,"Vignesh Vicky",Chandrikaasdfasf,Pending,"2025-05-27 11:46:02"
HBNKJI3898469,"Vignesh Vicky",PCS,Pending,"2025-05-27 11:46:02"
HBNKJI3898469,"Vignesh Vicky",Akshatssdfsdf,Pending,"2025-05-27 11:46:02"
HBNKJI3898469,"Vignesh Vicky",Chandrikaasdfasf,Pending,"2025-05-27 11:46:02"
HBNKJI3898469,"Vignesh Vicky",PCS,Pending,"2025-05-27 11:46:02"
HBNKJI3898469,"Vignesh Vicky",Akshatssdfsdf,Pending,"2025-05-27 11:46:02"
HBNKJI3898469,"Vignesh Vicky",Akshat,Pending,"2025-05-27 11:46:02"
HBNKJI3898469,"Vignesh Vicky",AKROBATs,Rejected,"2025-05-27 17:51:35"
